Time,T,Lat,Lon,Image Time,Image T,Landsat
2021-10-22 11:58:11+08:00,6.0046,52.003525,105.471062,2021-10-22 03:58:45.144591900+00:00,5.7397499868694695,L8
2021-08-13 10:45:21+08:00,13.0841,53.156502,107.977829,2021-08-13 02:45:54.146524+00:00,13.417129447305058,L7
2021-07-13 11:38:04+08:00,7.0782,55.332798,109.608627,2021-07-13 03:38:29.542497+00:00,9.71492882733594,L8
2021-07-29 11:39:00+08:00,11.9886,53.443645,108.509331,2021-07-29 03:39:24.750487+00:00,13.214574184967432,L8
2022-09-24 11:51:49+08:00,6.6571,52.804535,107.140442,2022-09-24 03:52:05.271924+00:00,6.168650652771248,L9
2021-09-23 10:35:16+08:00,9.5719,53.143623,107.849472,2021-09-23 02:36:07.773845500+00:00,8.438689266197116,L7
2021-07-13 11:38:04+08:00,7.0782,55.332798,109.608627,2021-07-13 03:38:53.420828900+00:00,9.716510157157472,L8
2021-09-20 11:57:55+08:00,10.3576,51.807549,105.322639,2021-09-20 03:58:36.752188+00:00,10.757645941868816,L8
2023-09-19 11:51:53+08:00,15.1687,51.527775,104.239059,2023-09-19 03:52:12.568362+00:00,14.58277120373657,L8
2024-09-20 11:58:00+08:00,12.3203,51.62512,105.0798,2024-09-20 03:58:06.989318+00:00,11.020726285470232,L9
2022-09-25 11:45:34+08:00,10.2086,53.195732,107.793343,2022-09-25 03:46:12.624971+00:00,8.252913822551704,L8
2024-09-21 11:52:00+08:00,9.0225,51.82389,105.31685,2024-09-21 03:52:03.373461+00:00,8.848356541012606,L8
2024-08-05 11:45:00+08:00,20.61445,53.1867,107.05839,2024-08-05 03:45:04.329567+00:00,20.17931341771674,L9
2021-10-15 11:52:19+08:00,5.7179,51.648628,105.063301,2021-10-15 03:52:33.630365+00:00,1.3908803469263376,L8
2022-06-05 11:44:52+08:00,3.2661,52.795643,107.114754,2022-06-05 03:45:36.756573+00:00,-0.9209132420394326,L8
2022-07-28 10:27:03+08:00,15.7929,51.566982,104.228798,2022-07-28 02:27:07.235563500+00:00,11.23063857950433,L7
2021-10-23 10:46:19+08:00,7.491,51.809681,104.891777,2021-10-23 02:46:13.069633200+00:00,4.2552741561927405,L7
2024-09-30 11:44:00+08:00,8.116,54.24233,108.81337,2024-09-30 03:44:58.004715+00:00,4.723470370699147,L8
2022-06-12 11:51:29+08:00,3.179,53.250637,107.276199,2022-06-12 03:51:52.862325+00:00,4.722633082004677,L8
2022-08-04 10:13:45+08:00,14.1326,55.648727,109.369957,2022-08-04 02:13:44.191168+00:00,16.61022599579786,L7
2021-08-14 11:38:37+08:00,15.308,53.481445,108.645866,2021-08-14 03:39:31.126727+00:00,16.345015520931952,L8
2021-07-28 10:47:17+08:00,8.6934,53.017338,107.355103,2021-07-28 02:47:19.296578200+00:00,9.390625836983132,L7
2021-09-22 11:45:11+08:00,9.044,52.911846,107.18293,2021-09-22 03:45:51.413924900+00:00,8.88644939764663,L8
2021-07-26 10:59:37+08:00,14.7718,51.628082,104.103561,2021-07-26 03:00:15.278371400+00:00,14.641999888040573,L7
2024-07-28 11:45:00+08:00,19.92784,52.44919,106.14199,2024-07-28 03:45:34.798499900+00:00,20.237131788979525,L8
2021-08-20 10:51:51+08:00,14.1362,51.610619,104.894226,2021-08-20 02:51:51.804602+00:00,13.868248634220151,L7
